Days_Since_Refill,Opening_Stock,Prev_Closing,Cash,HSD2_Sold,HSD1_Sold,Total_Sold,Target
0,12000.0,12000.0,155590,1219.0,1684.0,4366.0,0
1,7634.0,7634.0,160056,1230.0,1740.0,4351.0,0
0,3283.0,3283.0,161531,1174.0,1469.0,3951.0,1
1,12000.0,0.0,219210,1508.0,1632.0,4613.0,0
2,7387.0,7387.0,196707,1368.0,1939.0,4794.0,0
0,2593.0,2593.0,230278,1629.0,2045.0,5034.0,1
1,12000.0,0.0,177845,1314.0,1702.0,4584.0,0
2,7416.0,7416.0,177773,1262.0,1386.0,3958.0,0
0,3458.0,3458.0,190240,1303.0,1597.0,4516.0,1
1,12000.0,0.0,200894,1407.0,1833.0,4635.0,0
2,7365.0,7365.0,176857,1470.0,1724.0,4531.0,0
0,2834.0,2834.0,213571,1470.0,1901.0,4685.0,1
1,12000.0,0.0,205998,1656.0,1949.0,5191.0,0
0,6809.0,6809.0,219338,1465.0,2058.0,5063.0,1
1,12000.0,1746.0,134358,1089.0,1270.05,3555.0,0
2,8445.0,8445.0,197284,1249.0,1796.0,4390.0,0
0,4055.0,4055.0,160665,1301.0,1800.0,4501.0,1
1,12000.0,0.0,221388,1483.0,2055.0,5288.0,0
0,6712.0,6712.0,186397,1542.0,1959.0,5112.0,1
1,12000.0,1600.0,231460,1605.0,1951.0,4958.0,0
0,7042.0,7042.0,234897,1611.0,1913.0,5321.0,1
1,12000.0,1721.0,170970,1270.0,1539.0,3959.0,0
2,8041.0,8041.0,184310,1388.0,1695.0,4372.0,0
0,3669.0,3669.0,214801,1239.0,1717.0,4417.0,1
1,12000.0,0.0,203395,1343.0,1873.0,4670.0,0
2,7330.0,7330.0,221666,1316.0,1833.0,4772.0,0
0,2558.0,2558.0,280136,1903.0,2196.0,5976.0,1
1,12000.0,0.0,241289,1791.0,2210.0,5638.0,0
0,6362.0,6362.0,202713,1352.0,1918.0,4977.0,1
1,12000.0,1385.0,144449,1029.0,1449.0,3742.0,0
2,8258.0,8258.0,125707,1067.0,1319.0,3603.0,0
0,4655.0,4655.0,199306,1301.0,1641.0,4567.0,1
1,12000.0,88.0,219502,1635.0,2048.0,5614.0,0
0,6386.0,6386.0,245432,1642.0,2253.0,5954.0,1
1,12000.0,432.0,227685,1505.0,1943.0,5016.0,0
2,6984.0,6984.0,177714,1292.0,1724.0,4243.0,0
0,2741.0,2741.0,182452,1442.0,1660.0,4498.0,1
1,12000.0,0.0,152760,1299.0,1609.0,4085.0,0
2,7915.0,7915.0,213535,1594.0,2012.0,4959.0,0
0,2956.0,2956.0,167976,1480.0,1687.0,4572.0,1
1,12000.0,0.0,231052,1593.0,2088.0,5542.0,0
0,6458.0,6458.0,241176,1650.0,1925.0,5447.0,1
1,12000.0,1011.0,178723,1076.0,1538.0,3923.0,0
2,8077.0,8077.0,211590,1465.0,1788.0,4485.0,0
0,3592.0,3592.0,172851,1243.0,1744.0,4595.0,1
1,12000.0,0.0,190778,1299.0,1811.0,4442.0,0
2,7558.0,7558.0,208827,1603.0,1872.0,4886.0,0
0,2672.0,2672.0,265000,1579.0,1941.0,5505.0,1
1,12000.0,0.0,201484,1417.0,1530.0,4316.0,0
2,7684.0,7684.0,187730,1284.0,1627.0,4023.0,0
0,3661.0,3661.0,214210,1471.0,1728.0,4815.0,1
1,12000.0,0.0,198859,1331.0,1462.0,4138.0,0
2,7862.0,7862.0,173265,1419.0,1551.0,4337.0,0
0,3525.0,3525.0,224609,1594.0,1551.0,5039.0,1
1,12000.0,0.0,213758,1608.0,2097.0,5783.0,0
0,6217.0,6217.0,240979,1828.0,2197.0,5769.0,1
1,12000.0,448.0,150072,1086.0,1482.0,3627.0,0
2,8373.0,8373.0,166706,1351.0,1569.0,4380.0,0
0,3993.0,3993.0,159756,1141.0,1462.0,4117.0,1
1,12000.0,0.0,201548,1158.0,1633.0,4214.0,0
2,7786.0,7786.0,200585,1529.0,1887.0,4980.0,0
0,2806.0,2806.0,218016,1716.0,2164.0,5686.0,1
1,12000.0,0.0,241825,1634.0,2157.0,5347.0,0
2,6653.0,6653.0,162255,1158.0,1568.0,4172.0,0
0,2481.0,2481.0,156186,1212.0,1529.0,4259.0,1
1,12000.0,0.0,183767,1591.0,1812.0,4837.0,0
2,7163.0,7163.0,212252,1533.0,1932.0,5040.0,0
0,2123.0,2123.0,195544,1474.0,1715.0,4808.0,1
1,12000.0,0.0,230927,1609.0,2276.0,5561.0,0
0,6439.0,6439.0,261284,1777.0,2023.0,5456.0,1
1,12000.0,983.0,187014,1270.0,1828.0,4565.0,0
2,7435.0,7435.0,203507,1515.0,1745.0,4697.0,0
0,2738.0,2738.0,210195,1362.0,1878.0,4650.0,1
1,12000.0,0.0,232854,1735.0,1957.0,5463.0,0
0,12000.0,6537.0,235173,1737.0,2113.0,5502.0,1
1,12000.0,1035.0,230114,1552.0,2213.0,5563.0,0
0,6437.0,6437.0,214385,1614.0,2141.0,5294.0,1
1,12000.0,1143.0,185696,1327.0,1445.0,4117.0,0
2,7883.0,7883.0,238441,1765.0,2134.0,5414.0,0
0,2469.0,2469.0,210815,1537.0,2053.0,5106.0,1
1,12000.0,0.0,190358,1307.0,1821.0,4495.0,0
2,7505.0,7505.0,196391,1342.0,1727.0,4548.0,0
0,2957.0,2957.0,224205,1747.0,2385.0,5821.0,1
1,12000.0,0.0,197487,1537.0,1815.0,5155.0,0
0,6845.0,6845.0,215460,1593.0,1787.0,4954.0,1
1,12000.0,1891.0,145057,1244.0,1580.0,4022.0,0
2,7978.0,7978.0,185067,1231.0,1625.0,4463.0,0
0,3515.0,3515.0,175924,1630.0,1851.0,5036.0,1
1,12000.0,0.0,229229,1581.0,2051.0,5538.0,0
0,6462.0,6462.0,235640,1915.0,2153.0,5858.0,1
1,12000.0,604.0,201807,1682.0,2089.0,5464.0,0
2,6536.0,6536.0,178013,1467.0,1585.0,4516.0,0
0,2020.0,2020.0,211496,1358.0,1887.0,4842.0,1
1,12000.0,0.0,193491,1525.0,1768.0,4982.0,0
2,7018.0,7018.0,161746,1418.0,1835.0,4518.0,0
0,2500.0,2500.0,219601,1958.0,2292.0,6194.0,1
1,12000.0,0.0,256041,1789.0,2448.0,6251.0,0
0,5749.0,5749.0,248429,1628.0,1943.0,5382.0,1
1,12000.0,367.0,179801,1473.0,1846.0,4512.0,0
2,7488.0,7488.0,202768,1199.0,1632.0,4167.0,0
0,3321.0,3321.0,176578,1409.0,1915.0,4966.0,1
1,12000.0,0.0,192775,1483.0,1787.0,4674.0,0
2,7326.0,7326.0,222246,1720.0,2075.0,5215.0,0
0,2111.0,2111.0,274872,1890.0,2503.050000000001,6408.0,1
1,12000.0,0.0,208159,1711.0,1824.0,5198.0,0
2,6802.0,6802.0,189610,1380.0,1604.0,4278.0,0
0,2524.0,2524.0,178173,1365.0,1831.0,4810.0,1
1,12000.0,0.0,202298,1567.0,1939.0,4813.0,0
2,7187.0,7187.0,180027,1424.0,1781.0,4661.0,0
0,2526.0,2526.0,233468,1728.0,2180.0,5427.0,1
1,12000.0,0.0,244344,1842.0,2152.0,5925.0,0
0,6075.0,6075.0,272855,1933.0,2485.0,6362.0,1
1,12000.0,0.0,193953,1477.0,1880.0,4811.0,0
2,7189.0,7189.0,205154,1551.0,1824.0,4930.0,0
0,2259.0,2259.0,207752,1450.0,1721.0,4709.0,1
1,12000.0,0.0,205295,1589.0,1891.0,4876.0,0
0,7124.0,7124.0,252730,1427.0,2027.0,5235.0,1
1,12000.0,1889.0,245852,1629.0,1978.0,5631.0,0
0,6369.0,6369.0,181683,1562.0,1993.0,5013.0,1
1,12000.0,1356.0,159748,1240.0,1427.0,3797.0,0
2,8203.0,8203.0,203186,1442.0,1642.0,4667.0,0
0,3536.0,3536.0,196384,1417.0,1751.0,4421.0,1
1,12000.0,0.0,172228,1389.0,1597.0,4467.0,0
2,7533.0,7533.0,186418,1591.0,1973.0,5353.0,0
0,2180.0,2180.0,214722,1746.0,2059.0,5845.0,1
1,12000.0,0.0,217340,1454.0,2062.0,5376.0,0
2,6624.0,6624.0,142084,1228.0,1511.0,3863.0,0
0,2761.0,2761.0,198495,1300.0,1518.0,4301.0,1
1,12000.0,0.0,187805,1433.0,1847.0,4753.0,0
2,7247.0,7247.0,189926,1326.0,1867.0,4571.0,0
0,2676.0,2676.0,175049,1320.0,1881.0,4814.0,1
1,12000.0,0.0,226424,1622.0,2058.0,5552.0,0
0,6448.0,6448.0,257675,1618.0,2119.0,5648.0,1
1,12000.0,800.0,155744,1358.0,1645.0,4187.0,0
2,7813.0,7813.0,180491,1338.0,1748.0,4591.0,0
0,3222.0,3222.0,185131,1159.0,1653.0,4172.0,1
1,12000.0,0.0,194745,1491.0,1772.0,4858.0,0
2,7142.0,7142.0,208363,1467.0,1846.0,4610.0,0
0,2532.0,2532.0,249675,1729.0,2079.0,5820.0,1
1,12000.0,0.0,238073,1707.0,1828.0,5221.0,0
2,6779.0,6779.0,182842,1500.0,1784.0,4572.0,0
0,2207.0,2207.0,171232,1254.0,1640.0,4033.0,1
1,12000.0,0.0,183503,1374.0,1823.0,4680.0,0
2,7320.0,7320.0,216643,1561.0,1981.0,4927.0,0
0,2393.0,2393.0,197071,1604.0,1891.0,5029.0,1
1,12000.0,0.0,224522,1724.0,2168.0,5808.0,0
0,6192.0,6192.0,183898,1479.0,1974.0,4913.0,1
1,12000.0,1279.0,225978,1565.0,1915.0,4956.0,0
2,7044.0,7044.0,201704,1276.0,1893.0,4667.0,0
0,2377.0,2377.0,180525,1329.0,1750.0,4396.0,1
1,12000.0,0.0,184489,1468.0,1792.0,4698.0,0
2,7302.0,7302.0,201772,1363.0,1561.0,4428.0,0
0,2874.0,2874.0,181437,1261.0,1750.0,4332.0,1
1,12000.0,0.0,212551,1606.0,2094.0,5407.0,0
2,6593.0,6593.0,157474,1077.0,1452.0,3794.0,0
0,2799.0,2799.0,183898,1223.0,1468.0,3908.0,1
1,12000.0,0.0,142315,1052.0,1509.0,3739.0,0
2,8261.0,8261.0,180880,1202.0,1447.0,3976.0,0
0,4285.0,4285.0,207413,1507.0,1754.0,4962.0,1
1,12000.0,0.0,231927,1493.0,2029.0,5134.0,0
0,6866.0,6866.0,207691,1427.0,2008.0,5184.0,1
1,12000.0,1682.0,160688,1115.0,1399.0,3827.0,0
2,8173.0,8173.0,169562,1349.0,1555.0,4096.0,0
0,4077.0,4077.0,197729,1504.0,1900.0,4727.0,1
1,12000.0,0.0,193894,1128.0,1621.0,4060.0,0
2,7940.0,7940.0,159988,1203.0,1613.0,4316.0,0
0,3624.0,3624.0,195887,1457.0,1870.0,4918.0,1
1,12000.0,0.0,206061,1452.0,1937.0,4882.0,0
2,7118.0,7118.0,170793,1073.0,1270.05,3573.0,0
0,3545.0,3545.0,148861,1245.0,1378.0,3853.0,1
1,12000.0,0.0,144031,1158.0,1342.0,3671.0,0
2,8329.0,8329.0,121999,952.95,1270.05,3333.1,0
0,5212.0,5212.0,167747,1213.0,1570.0,4149.0,1
1,12000.0,1063.0,193776,1213.0,1784.0,4560.0,0
2,7440.0,7440.0,193116,1366.0,1929.0,4988.0,0
0,2452.0,2452.0,134799,1064.0,1524.0,3880.0,1
1,12000.0,0.0,174969,1228.0,1582.0,4382.0,0
2,7618.0,7618.0,150760,1152.0,1339.0,3644.0,0
0,3974.0,3974.0,184970,1339.0,1719.0,4214.0,1
1,12000.0,0.0,216578,1495.0,1842.0,5151.0,0
0,6849.0,6849.0,227417,1393.0,1886.0,4852.0,1
1,12000.0,1997.0,204429,1431.0,1827.0,4564.0,0
2,7436.0,7436.0,179763,1175.0,1420.0,3914.0,0
0,3522.0,3522.0,166623,1202.0,1459.0,3730.0,1
1,12000.0,0.0,167613,1151.0,1375.0,3798.0,0
2,8202.0,8202.0,152146,1018.0,1480.0,3743.0,0
0,4459.0,4459.0,213208,1364.0,1710.0,3743.0,1
1,12000.0,0.0,191464,1394.0,1852.0,4785.0,0
0,7215.0,7215.0,221492,1652.0,2055.0,5321.0,1
1,12000.0,1894.0,194508,1391.0,1768.0,4454.0,0
2,7546.0,7546.0,180000,1296.0,1548.0,3930.0,0
0,3616.0,3616.0,163610,1121.0,1532.0,3828.0,1
1,12000.0,0.0,180664,1170.0,1666.0,4100.0,0
2,7900.0,7900.0,156756,1000.0,1303.0,3640.0,0
0,4260.0,4260.0,158181,1476.0,1756.0,4510.0,1
1,12000.0,0.0,208659,1516.0,1760.0,4805.0,0
2,7195.0,7195.0,138165,952.95,1270.05,3333.1,0
0,4230.0,4230.0,175208,1404.0,1682.0,4271.0,1
1,12000.0,0.0,140992,952.95,1270.05,3333.1,0
2,8686.0,8686.0,171196,1396.0,1582.0,4469.0,0
0,4217.0,4217.0,171210,1386.0,1681.0,4487.0,1
1,12000.0,0.0,202241,1526.0,1936.0,5347.0,0
2,6653.0,6653.0,174019,1238.0,1806.0,4558.0,0
0,2095.0,2095.0,154446,952.95,1299.0,3333.1,1
1,12000.0,0.0,179570,1500.0,1726.0,4619.0,0
2,7381.0,7381.0,155481,1395.0,1554.0,4241.0,0
0,3140.0,3140.0,217638,1524.0,1930.0,4792.0,1
1,12000.0,0.0,138104,1155.0,1575.0,3910.0,0
2,8090.0,8090.0,219236,1606.0,2021.0,5035.0,0
0,3055.0,3055.0,170957,1449.0,1720.0,4533.0,1
1,12000.0,0.0,149919,1127.0,1440.0,3648.0,0
2,8352.0,8352.0,142201,1052.0,1419.0,3635.0,0
0,4717.0,4717.0,149257,1202.0,1587.0,4169.0,1
1,12000.0,548.0,153526,1104.0,1416.0,3565.0,0
2,8435.0,8435.0,181137,1559.0,1769.0,4745.0,0
0,3690.0,3690.0,224854,1589.0,1799.0,4897.0,1
1,12000.0,0.0,171207,1391.0,1590.0,4457.0,0
2,7543.0,7543.0,159196,1166.0,1490.0,4051.0,0
0,3492.0,3492.0,188959,1196.0,1381.0,3923.0,1
1,12000.0,0.0,173383,1236.0,1355.0,3811.0,0
2,8189.0,8189.0,160127,1234.0,1472.0,3814.0,0
0,4375.0,4375.0,154353,1060.0,1288.0,3617.0,1
1,12000.0,758.0,166281,1395.0,1738.0,4676.0,0
2,7324.0,7324.0,188399,1365.0,1840.0,4760.0,0
0,2564.0,2564.0,159954,1105.0,1412.0,3676.0,1
1,12000.0,0.0,159371,1191.0,1405.0,3695.0,0
2,8305.0,8305.0,138948,995.0,1276.0,3333.1,0
0,5056.0,5056.0,152388,952.95,1271.0,3479.0,1
1,12000.0,1577.0,186725,1164.0,1501.0,4238.0,0
2,7762.0,7762.0,205200,1466.0,1752.0,4515.0,0
0,3247.0,3247.0,176741,1209.0,1577.0,4204.0,1
1,12000.0,0.0,161214,1223.0,1484.0,3816.0,0
2,8184.0,8184.0,175912,1446.0,1786.0,4450.0,0
0,3734.0,3734.0,144064,1059.0,1409.0,3783.0,1
1,12000.0,0.0,188081,1331.0,1601.0,4521.0,0
2,7479.0,7479.0,182000,1351.0,1899.0,4855.0,0
0,2624.0,2624.0,193850,1548.0,1725.0,4911.0,1
1,12000.0,0.0,194565,1446.0,1747.0,4526.0,0
2,7474.0,7474.0,146312,1066.0,1292.0,3378.0,0
0,4096.0,4096.0,162902,1315.0,1468.0,4010.0,1
1,12000.0,86.0,128953,952.95,1270.05,3333.1,0
2,9001.0,9001.0,182893,1293.0,1435.0,3947.0,0
0,5054.0,5054.0,171391,1444.0,1780.0,4423.0,1
1,12000.0,631.0,203191,1353.0,1780.0,4798.0,0
2,7202.0,7202.0,217511,1575.0,2049.0,5177.0,0
0,2025.0,2025.0,177057,1387.0,1519.0,4295.0,1
1,12000.0,0.0,206077,1380.0,1716.0,4795.0,0
2,7205.0,7205.0,167289,1478.0,1806.0,4625.0,0
0,2580.0,2580.0,185847,1535.0,1895.0,4788.0,1
1,12000.0,0.0,242066,1407.0,1887.0,5089.0,0
0,6911.0,6911.0,207692,1501.0,2158.0,5500.0,1
1,12000.0,1411.0,194695,1576.0,1819.0,4860.0,0
2,7140.0,7140.0,194904,1397.0,1878.0,4657.0,0
0,2483.0,2483.0,165581,1253.0,1573.0,3939.0,1
1,12000.0,0.0,147015,1278.0,1434.0,4061.0,0
2,7939.0,7939.0,181225,1176.0,1742.0,4352.0,0
0,3587.0,3587.0,199828,1366.0,1863.0,4617.0,1
1,12000.0,0.0,208866,1837.0,2282.0,5884.0,0
0,6116.0,6116.0,202464,1659.0,1865.0,5236.0,1
1,12000.0,880.0,157649,1246.0,1546.0,4266.0,0
2,7734.0,7734.0,201692,1306.0,1860.0,4619.0,0
0,3115.0,3115.0,157907,1147.0,1519.0,3908.0,1
1,12000.0,0.0,177540,1222.0,1806.0,4514.0,0
2,7486.0,7486.0,166869,1349.0,1685.0,4415.0,0
0,3071.0,3071.0,233596,1613.0,2375.0,5814.0,1
1,12000.0,0.0,216617,1655.0,2179.0,5498.0,0
2,6502.0,6502.0,155994,1251.0,1607.0,4258.0,0
0,2244.0,2244.0,211435,1468.0,1585.0,4485.0,1
1,12000.0,0.0,170683,1188.0,1385.0,3866.0,0
2,8134.0,8134.0,182076,1243.0,1564.0,4278.0,0
0,3856.0,3856.0,177807,1351.0,1825.0,4479.0,1
1,12000.0,0.0,229456,1899.0,2457.0,6419.0,0
0,5581.0,5581.0,235322,1642.0,1816.0,5021.0,1
1,12000.0,560.0,185058,1351.0,1558.0,4397.0,0
2,7603.0,7603.0,212808,1555.0,1873.0,5209.0,0
0,2394.0,2394.0,183062,1340.0,1881.0,4951.0,1
1,12000.0,0.0,209015,1624.0,1953.0,5492.0,0
0,6508.0,6508.0,225684,1457.0,2189.0,5346.0,1
1,12000.0,1162.0,229910,1672.0,2008.0,5503.0,0
0,6497.0,6497.0,228875,1742.0,2324.0,6399.0,1
1,12000.0,98.0,239874,1576.0,2173.0,5494.0,0
0,6506.0,6506.0,178073,1272.0,1712.0,4509.0,1
1,12000.0,1997.0,182930,1173.0,1620.0,4049.0,0
2,7951.0,7951.0,214880,1428.0,1969.0,5246.0,0
0,2705.0,2705.0,215811,1600.0,1786.0,5102.0,1
1,12000.0,0.0,239339,1828.0,2160.0,5847.0,0
0,6153.0,6153.0,249653,1574.0,2233.0,5731.0,1
1,12000.0,422.0,221803,1624.0,1941.0,5307.0,0
0,6693.0,6693.0,235722,1649.0,2066.0,5273.0,1
1,12000.0,1420.0,215793,1419.0,1765.0,4881.0,0
0,7119.0,7119.0,217965,1640.0,1860.0,5172.0,1
1,12000.0,1947.0,263716,1640.0,2173.0,5776.0,0
0,6224.0,6224.0,250506,1996.5500000000004,2503.050000000001,6526.4000000000015,1
1,12000.0,0.0,250792,1956.0,2402.0,6155.0,0
0,5845.0,5845.0,195033,1356.0,1727.0,4705.0,1
1,12000.0,1140.0,211370,1512.0,1876.0,5110.0,0
0,6890.0,6890.0,197118,1678.0,1998.0,5329.0,1
1,12000.0,1561.0,216705,1869.0,2054.0,5696.0,0
0,6304.0,6304.0,204063,1414.0,1874.0,4945.0,1
1,12000.0,1359.0,261063,1663.0,2221.0,6038.0,0
0,5962.0,5962.0,256956,1824.0,2442.0,6317.0,1
1,12000.0,0.0,178244,1435.0,1751.0,4444.0,0
2,7556.0,7556.0,186018,1328.0,1842.0,4521.0,0
0,3035.0,3035.0,224381,1612.0,1820.0,5121.0,1
1,12000.0,0.0,210776,1815.0,2115.0,5804.0,0
0,6196.0,6196.0,230638,1723.0,2215.0,6050.0,1
1,12000.0,146.0,290377,1845.0,2503.050000000001,6526.4000000000015,0
0,5456.0,5456.0,239830,1867.0,2378.0,6176.0,1
1,12000.0,0.0,202608,1298.0,1645.0,4380.0,0
2,7620.0,7620.0,203236,1591.0,1951.0,5303.0,0
0,2317.0,2317.0,183143,1237.0,1622.0,4512.0,1
1,12000.0,0.0,229072,1558.0,2015.0,5467.0,0
0,6533.0,6533.0,259020,1668.0,2117.0,5730.0,1
1,12000.0,803.0,283434,1996.5500000000004,2246.0,6212.0,0
0,5788.0,5788.0,223755,1752.0,2419.0,6177.0,1
1,12000.0,0.0,190756,1225.0,1603.0,4518.0,0
0,7482.0,7482.0,221278,1735.0,2090.0,5914.0,1
1,12000.0,1568.0,204214,1587.0,1947.0,5093.0,0
2,6907.0,6907.0,194755,1395.0,1716.0,4809.0,0
0,2098.0,2098.0,220946,1505.0,2082.0,5552.0,1
1,12000.0,0.0,258037,1996.5500000000004,2503.050000000001,6448.0,0
0,5552.0,5552.0,289824,1842.0,2503.050000000001,6526.4000000000015,1
1,12000.0,0.0,192116,1580.0,1810.0,5115.0,0
2,6885.0,6885.0,158401,1242.0,1550.0,4269.0,0
0,2616.0,2616.0,226557,1645.0,1810.0,5169.0,1
1,12000.0,0.0,192109,1434.0,1897.0,4765.0,0
0,7235.0,7235.0,258513,1722.0,2227.0,5633.0,1
1,12000.0,1602.0,248838,1841.0,2390.0,6526.4000000000015,0
0,5472.0,5472.0,232140,1780.0,2182.0,5602.0,1
1,12000.0,0.0,215119,1664.0,1930.0,5340.0,0
0,6660.0,6660.0,178981,1406.0,1886.0,4814.0,1
1,12000.0,1846.0,223629,1595.0,1812.0,5145.0,0
0,6855.0,6855.0,225155,1451.0,2036.0,5295.0,1
1,12000.0,1560.0,213534,1536.0,2056.0,5641.0,0
0,6359.0,6359.0,303203,1996.5500000000004,2385.0,6526.4000000000015,1
1,12000.0,0.0,214991,1420.0,1870.0,4654.0,0
2,7346.0,7346.0,171575,1268.0,1771.0,4367.0,0
0,2979.0,2979.0,166528,1067.0,1506.0,3907.0,1
1,12000.0,0.0,199777,1425.0,1934.0,4975.0,0
2,7025.0,7025.0,181222,1261.0,1801.0,4501.0,0
0,2524.0,2524.0,193289,1344.0,1801.0,4816.0,1
1,12000.0,0.0,226448,1697.0,2021.0,5745.0,0
0,6255.0,6255.0,225249,1801.0,2174.0,5461.0,1
1,12000.0,794.0,187292,1076.0,1454.0,3929.0,0
2,8071.0,8071.0,185293,1214.0,1544.0,4337.0,0
0,3734.0,3734.0,138220,1084.0,1392.0,4337.0,1
1,12000.0,0.0,168868,1517.0,1746.0,4714.0,0
2,7286.0,7286.0,183289,1377.0,1764.0,4585.0,0
0,2701.0,2701.0,258006,1755.0,2213.0,5902.0,1
1,12000.0,0.0,214199,1637.0,1990.0,4971.0,0
2,7029.0,7029.0,184382,1359.0,1854.0,4618.0,0
0,2411.0,2411.0,186619,1334.0,1681.0,4378.0,1
1,12000.0,0.0,183002,1238.0,1604.0,4374.0,0
2,7626.0,7626.0,152753,1304.0,1528.0,4104.0,0
0,3522.0,3522.0,156939,1247.0,1761.0,4376.0,1
1,12000.0,0.0,223546,1687.0,2189.0,5799.0,0
0,6201.0,6201.0,207422,1679.0,2011.0,5321.0,1
1,12000.0,880.0,148743,1159.0,1653.0,4137.0,0
2,7863.0,7863.0,200759,1387.0,1611.0,4578.0,0
0,3285.0,3285.0,228303,1563.0,2223.0,5650.0,1
1,12000.0,0.0,196235,1337.0,1568.0,4307.0,0
2,7693.0,7693.0,180779,1402.0,1957.0,4937.0,0
0,2756.0,2756.0,286825,1996.5500000000004,2483.0,6194.0,1
1,12000.0,0.0,242534,1723.0,2200.0,5609.0,0
0,6391.0,6391.0,184082,1325.0,1637.0,4534.0,1
1,12000.0,1857.0,167265,1270.0,1595.0,4235.0,0
2,7765.0,7765.0,169697,1286.0,1601.0,3973.0,0
0,3792.0,3792.0,208566,1640.0,1927.0,5129.0,1
1,12000.0,0.0,183499,1294.0,1525.0,4274.0,0
0,7726.0,7726.0,251029,1996.5500000000004,2482.0,6374.0,1
1,12000.0,1352.0,185378,1337.0,1933.0,4729.0,0
2,7271.0,7271.0,218373,1523.0,1805.0,5010.0,0
0,2261.0,2261.0,145212,1161.0,1316.0,3728.0,1
1,12000.0,0.0,157532,1195.0,1598.0,4004.0,0
2,7996.0,7996.0,183753,1157.0,1436.0,3953.0,0
0,4043.0,4043.0,140393,1154.0,1507.0,3712.0,1
1,12000.0,331.0,219287,1630.0,1956.0,5525.0,0
0,6475.0,6475.0,240602,1723.0,2015.0,5385.0,1
1,12000.0,1090.0,174910,1404.0,1693.0,4782.0,0
2,7218.0,7218.0,178013,1163.0,1571.0,4098.0,0
0,3120.0,3120.0,189084,1379.0,1637.0,4377.0,1
1,12000.0,0.0,190087,1522.0,1816.0,4749.0,0
2,7251.0,7251.0,145656,1103.0,1496.0,4050.0,0
0,3201.0,3201.0,243306,1770.0,2171.0,5563.0,1
1,12000.0,0.0,236807,1920.0,2102.0,5886.0,0
0,6114.0,6114.0,213121,1345.0,1642.0,4559.0,1
1,12000.0,1555.0,228946,1294.0,1736.0,4769.0,0
2,7231.0,7231.0,200201,1326.0,1718.0,4869.0,0
0,2362.0,2362.0,178367,1467.0,1670.0,4467.0,1
1,12000.0,0.0,222529,1414.0,1689.0,4785.0,0
0,7215.0,7215.0,226059,1499.0,2192.0,5451.0,1
1,12000.0,1764.0,215094,1349.0,1842.0,4826.0,0
2,7174.0,7174.0,161438,1037.0,1347.0,3812.0,0
0,3362.0,3362.0,146620,1073.0,1391.0,3783.0,1
1,12000.0,0.0,143288,1216.0,1456.0,3920.0,0
2,8080.0,8080.0,184867,1334.0,1706.0,4380.0,0
0,3700.0,3700.0,231290,1654.0,1836.0,5073.0,1
1,12000.0,0.0,176272,1539.0,1884.0,4671.0,0
0,7329.0,7329.0,243937,1703.0,2177.0,5574.0,1
1,12000.0,1755.0,193495,1235.0,1703.0,4351.0,0
2,7649.0,7649.0,152739,1188.0,1663.0,4101.0,0
0,3548.0,3548.0,195707,1326.0,1810.0,4729.0,1
1,12000.0,0.0,197082,1378.0,1600.0,4729.0,0
0,7496.0,7496.0,266024,1912.0,2312.0,5901.0,1
1,12000.0,1595.0,203752,1562.0,1983.0,5112.0,0
0,6888.0,6888.0,224360,1568.0,1743.0,4903.0,1
1,12000.0,1985.0,186743,1177.0,1365.0,3892.0,0
2,8108.0,8108.0,177852,1430.0,1884.0,4877.0,0
0,3231.0,3231.0,201892,1459.0,1961.0,4787.0,1
1,12000.0,0.0,142390,1109.0,1290.0,3604.0,0
2,8396.0,8396.0,216499,1486.0,1977.0,5476.0,0
0,2920.0,2920.0,233417,1642.0,1960.0,5499.0,1
1,12000.0,0.0,196127,1241.0,1818.0,4555.0,0
2,7445.0,7445.0,178713,1345.0,1650.0,4286.0,0
0,3159.0,3159.0,209711,1270.0,1714.0,4648.0,1
1,12000.0,0.0,154888,1374.0,1579.0,4216.0,0
2,7784.0,7784.0,180967,1493.0,1763.0,4528.0,0
0,3256.0,3256.0,154527,1180.0,1551.0,3982.0,1
1,12000.0,0.0,204138,1607.0,2103.0,5465.0,0
0,6535.0,6535.0,210566,1437.0,1801.0,4702.0,1
1,12000.0,1833.0,172983,1250.0,1650.0,4489.0,0
2,7511.0,7511.0,188654,1222.0,1777.0,4448.0,0
0,3063.0,3063.0,195449,1380.0,1806.0,4449.0,1
1,12000.0,0.0,151635,997.0,1316.0,3588.0,0
2,8412.0,8412.0,191720,1373.0,1518.0,4303.0,0
0,4109.0,4109.0,254699,1745.0,2265.0,5705.0,1
1,12000.0,0.0,200086,1604.0,1962.0,5080.0,0
2,6920.0,6920.0,174117,1358.0,1678.0,4634.0,0
0,2286.0,2286.0,214751,1448.0,1685.0,4758.0,1
1,12000.0,0.0,163896,1282.0,1531.0,4240.0,0
2,7760.0,7760.0,214669,1374.0,1839.0,4827.0,0
0,2933.0,2933.0,226193,1392.0,1826.0,5152.0,1
1,12000.0,0.0,228091,1681.0,2238.0,5495.0,0
0,6505.0,6505.0,242057,1635.0,2109.0,5401.0,1
1,12000.0,1104.0,191075,1340.0,1701.0,4551.0,0
2,7449.0,7449.0,191677,1518.0,1907.0,4770.0,0
0,2679.0,2679.0,181945,1495.0,1724.0,4816.0,1
1,12000.0,0.0,168568,1154.0,1436.0,3962.0,0
2,8038.0,8038.0,201099,1453.0,1976.0,5144.0,0
0,2894.0,2894.0,237850,1714.0,2071.0,5394.0,1
1,12000.0,0.0,241207,1726.0,2018.0,5760.0,0
0,6240.0,6240.0,220960,1654.0,1912.0,5379.0,1
1,12000.0,861.0,208051,1539.0,1864.0,4832.0,0
2,7168.0,7168.0,213669,1445.0,1828.0,5013.0,0
0,2155.0,2155.0,192644,1436.0,1792.0,4885.0,1
1,12000.0,0.0,195644,1514.0,1683.0,4687.0,0
0,7313.0,7313.0,232136,1564.0,1945.0,5511.0,1
1,12000.0,1802.0,251595,1903.0,2198.0,6034.0,0
0,5966.0,5966.0,196034,1393.0,1771.0,4475.0,1
1,12000.0,1491.0,206316,1412.0,1859.0,4891.0,0
2,7109.0,7109.0,229571,1527.0,1804.0,4849.0,0
0,2260.0,2260.0,177297,1280.0,1755.0,4631.0,1
1,12000.0,0.0,220740,1744.0,2090.0,5340.0,0
0,6660.0,6660.0,262649,1988.0,2461.0,6182.0,1
1,12000.0,478.0,248515,1735.0,1988.0,5556.0,0
0,6444.0,6444.0,176590,1492.0,1759.0,4649.0,1
1,12000.0,1795.0,222648,1799.0,2248.0,5626.0,0
0,6374.0,6374.0,208394,1310.0,1863.0,4735.0,1
1,12000.0,1639.0,171286,1433.0,1666.0,4530.0,0
2,7470.0,7470.0,214931,1464.0,1802.0,4862.0,0
0,2608.0,2608.0,253681,1728.0,2260.0,5860.0,1
1,12000.0,0.0,223397,1755.0,2035.0,5571.0,0
2,6429.0,6429.0,180344,1240.0,1643.0,4382.0,0
0,2047.0,2047.0,177891,1529.0,1847.0,4695.0,1
1,12000.0,0.0,159896,1261.0,1819.0,4442.0,0
2,7558.0,7558.0,235227,1496.0,1944.0,4978.0,0
0,2580.0,2580.0,255578,1604.0,1936.0,5307.0,1
1,12000.0,0.0,255235,1894.0,2160.0,5935.0,0
0,6065.0,6065.0,216015,1573.0,1817.0,4879.0,1
1,12000.0,1186.0,194177,1357.0,1726.0,4694.0,0
2,7306.0,7306.0,197905,1371.0,1961.0,4815.0,0
0,2491.0,2491.0,211610,1625.0,2059.0,5092.0,1
1,12000.0,0.0,194458,1275.0,1591.0,4421.0,0
2,7579.0,7579.0,191696,1546.0,1954.0,5245.0,0
0,2334.0,2334.0,244963,1820.0,2066.0,5765.0,1
1,12000.0,0.0,245217,1671.0,1837.0,5123.0,0
0,6877.0,6877.0,208402,1493.0,1752.0,4884.0,1
1,12000.0,1993.0,183491,1325.0,1641.0,4251.0,0
2,7749.0,7749.0,199658,1470.0,1991.0,5089.0,0
0,2660.0,2660.0,169159,1448.0,1585.0,4461.0,1
1,12000.0,0.0,194943,1602.0,2033.0,5306.0,0
0,6694.0,6694.0,302651,1996.5500000000004,2503.050000000001,6526.4000000000015,1
1,12000.0,27.0,235518,1881.0,2127.0,5741.0,0
0,6259.0,6259.0,196336,1359.0,1702.0,4594.0,1
1,12000.0,1665.0,207358,1442.0,1731.0,4903.0,0
2,7097.0,7097.0,200672,1347.0,1827.0,4774.0,0
0,2323.0,2323.0,182393,1347.0,1804.0,4468.0,1
1,12000.0,0.0,228131,1425.0,2047.0,5010.0,0
0,6990.0,6990.0,228930,1711.0,2264.0,5890.0,1
1,12000.0,1100.0,234840,1646.0,2060.0,5516.0,0
2,6484.0,6484.0,163668,1240.0,1610.0,4105.0,0
0,2379.0,2379.0,184144,1169.0,1540.0,3949.0,1
1,12000.0,0.0,161092,1242.0,1562.0,4090.0,0
2,7910.0,7910.0,188236,1414.0,1832.0,4630.0,0
0,3280.0,3280.0,186436,1375.0,1948.0,4893.0,1
1,12000.0,0.0,183720,1491.0,1860.0,4583.0,0
0,7417.0,7417.0,250478,1931.0,2089.0,5883.0,1
1,12000.0,1534.0,170261,1228.0,1729.0,4321.0,0
2,7679.0,7679.0,165653,1291.0,1599.0,4372.0,0
0,3307.0,3307.0,194382,1131.0,1525.0,4100.0,1
1,12000.0,0.0,185275,1517.0,1822.0,4810.0,0
2,7190.0,7190.0,184062,1212.0,1629.0,4256.0,0
0,2934.0,2934.0,246530,1696.0,1934.0,4256.0,1
1,12000.0,0.0,210446,1737.0,2085.0,5363.0,0
2,6637.0,6637.0,153914,1134.0,1502.0,3800.0,0
0,2837.0,2837.0,198217,1325.0,1729.0,4771.0,1
1,12000.0,0.0,206183,1436.0,1687.0,4751.0,0
2,7249.0,7249.0,188102,1289.0,1726.0,4419.0,0
0,2830.0,2830.0,193156,1474.0,1779.0,5028.0,1
1,12000.0,0.0,216259,1551.0,2086.0,5240.0,0
0,6760.0,6760.0,215629,1659.0,2307.0,5848.0,1
1,12000.0,912.0,146759,1190.0,1418.0,3685.0,0
2,8315.0,8315.0,191823,1174.0,1681.0,4314.0,0
0,4001.0,4001.0,176270,1384.0,1710.0,4300.0,1
1,12000.0,0.0,185975,1321.0,1714.0,4478.0,0
2,7522.0,7522.0,221292,1560.0,1922.0,5233.0,0
0,2289.0,2289.0,213788,1573.0,1783.0,4821.0,1
1,12000.0,0.0,186282,1259.0,1886.0,4613.0,0
2,7387.0,7387.0,146045,1070.0,1398.0,3619.0,0
0,3768.0,3768.0,194882,1198.0,1547.0,4086.0,1
1,12000.0,0.0,114051,952.95,1270.05,3333.1,0
2,9165.0,9165.0,175148,1188.0,1510.0,4255.0,0
0,4910.0,4910.0,189620,1474.0,1620.0,4626.0,1
1,12000.0,284.0,195833,1287.0,1557.0,4131.0,0
2,7869.0,7869.0,201086,1415.0,1700.0,4677.0,0
0,3192.0,3192.0,180921,1214.0,1557.0,4175.0,1
1,12000.0,0.0,147050,1071.0,1426.0,3752.0,0
2,8248.0,8248.0,184162,1250.0,1472.0,4110.0,0
0,4138.0,4138.0,169860,1443.0,1798.0,4409.0,1
1,12000.0,0.0,165353,1205.0,1646.0,4209.0,0
2,7791.0,7791.0,164128,1333.0,1496.0,4060.0,0
0,3731.0,3731.0,180899,1276.0,1791.0,4637.0,1
1,12000.0,0.0,125316,952.95,1336.0,3333.1,0
2,8719.0,8719.0,157392,1145.0,1409.0,3886.0,0
0,4833.0,4833.0,160180,1044.0,1348.0,3653.0,1
1,12000.0,1180.0,161208,1346.0,1525.0,4313.0,0
2,7687.0,7687.0,173633,1274.0,1610.0,4091.0,0
0,3596.0,3596.0,213558,1531.0,2053.0,5346.0,1
1,12000.0,0.0,173216,1271.0,1672.0,4407.0,0
2,7593.0,7593.0,154898,1183.0,1523.0,3789.0,0
0,3804.0,3804.0,159454,1224.0,1531.0,4057.0,1
1,12000.0,0.0,154311,1360.0,1676.0,4281.0,0
2,7719.0,7719.0,147705,1278.0,1661.0,4156.0,0
0,3563.0,3563.0,183717,1232.0,1634.0,4021.0,1
1,12000.0,0.0,209325,1419.0,1600.0,4553.0,0
2,7447.0,7447.0,199600,1188.0,1663.0,4278.0,0
0,3169.0,3169.0,177538,1170.0,1399.0,3961.0,1
1,12000.0,0.0,179106,1274.0,1586.0,4268.0,0
2,7732.0,7732.0,174701,1285.0,1539.0,3990.0,0
0,3742.0,3742.0,156854,1199.0,1405.0,3746.0,1
1,12000.0,0.0,184739,1342.0,1815.0,4531.0,0
2,7469.0,7469.0,236106,1435.0,1895.0,5249.0,0
0,2220.0,2220.0,185681,1140.0,1538.0,4198.0,1
1,12000.0,0.0,152599,952.95,1270.05,3333.1,0
2,8668.0,8668.0,162716,1271.0,1616.0,4073.0,0
0,4595.0,4595.0,169220,1172.0,1756.0,4311.0,1
1,12000.0,284.0,169089,1171.0,1700.0,4201.0,0
2,7799.0,7799.0,176310,1206.0,1544.0,4098.0,0
0,3701.0,3701.0,201049,1502.0,1729.0,4855.0,1
1,12000.0,0.0,173639,1394.0,1747.0,4837.0,0
2,7163.0,7163.0,184425,1091.0,1386.0,3897.0,0
0,3266.0,3266.0,138189,1041.0,1412.0,3643.0,1
1,12000.0,0.0,164152,1330.0,1652.0,4042.0,0
2,7958.0,7958.0,147479,1104.0,1447.0,3733.0,0
0,4225.0,4225.0,203323,1276.0,1579.0,4462.0,1
1,12000.0,0.0,215788,1451.0,2018.0,5207.0,0
0,6793.0,6793.0,233466,1432.0,1816.0,5009.0,1
1,12000.0,1784.0,132359,1004.0,1463.0,3588.0,0
2,8412.0,8412.0,129511,1131.0,1450.0,3545.0,0
0,4867.0,4867.0,202105,1334.0,1800.0,4496.0,1
1,12000.0,371.0,184515,1354.0,1606.0,4246.0,0
2,7754.0,7754.0,121725,971.0,1307.0,3486.0,0
0,4268.0,4268.0,215218,1598.0,2029.0,4979.0,1
1,12000.0,0.0,143823,1155.0,1448.0,3839.0,0
2,8161.0,8161.0,167931,1199.0,1420.0,3899.0,0
0,4262.0,4262.0,196097,1354.0,1595.0,4404.0,1
1,12000.0,0.0,148124,1135.0,1460.0,3792.0,0
2,8208.0,8208.0,172624,1376.0,1764.0,4550.0,0
0,3658.0,3658.0,168484,1282.0,1663.0,4102.0,1
1,12000.0,0.0,191504,1555.0,1690.0,4742.0,0
2,7258.0,7258.0,221281,1435.0,1863.0,5038.0,0
0,2220.0,2220.0,158545,1097.0,1447.0,3864.0,1
1,12000.0,0.0,165157,1362.0,1544.0,4294.0,0
2,7706.0,7706.0,174459,1323.0,1515.0,4051.0,0
0,3655.0,3655.0,155668,1100.0,1535.0,3830.0,1
1,12000.0,0.0,160102,1239.0,1853.0,4547.0,0
2,7453.0,7453.0,212423,1360.0,1884.0,4961.0,0
0,2492.0,2492.0,194485,1396.0,1831.0,4553.0,1
1,12000.0,0.0,158529,1175.0,1502.0,3954.0,0
2,8046.0,8046.0,152136,1140.0,1659.0,3954.0,0
0,3912.0,3912.0,138668,1034.0,1270.05,3354.0,1
1,12000.0,558.0,203552,1261.0,1694.0,4511.0,0
2,7489.0,7489.0,188242,1465.0,1706.0,4567.0,0
0,2922.0,2922.0,208238,1509.0,1881.0,4958.0,1
1,12000.0,0.0,170889,1335.0,1749.0,4632.0,0
2,7368.0,7368.0,152278,1104.0,1441.0,3868.0,0
0,3500.0,3500.0,175473,1259.0,1712.0,4462.0,1
1,12000.0,0.0,135538,1208.0,1375.0,3725.0,0
2,8275.0,8275.0,178318,1152.0,1541.0,4027.0,0
0,4248.0,4248.0,203468,1455.0,1545.0,4412.0,1
1,12000.0,0.0,210801,1502.0,1966.0,5544.0,0
2,6456.0,6456.0,178946,1421.0,1571.0,4408.0,0
0,2048.0,2048.0,167446,1174.0,1477.0,4177.0,1
1,12000.0,0.0,189899,1398.0,1745.0,4784.0,0
2,7216.0,7216.0,165434,1178.0,1568.0,3920.0,0
0,3296.0,3296.0,156270,1267.0,1378.0,3862.0,1
1,12000.0,0.0,174337,1464.0,1909.0,4701.0,0
0,7299.0,7299.0,233786,1716.0,2250.0,5554.0,1
1,12000.0,1745.0,172015,1340.0,1572.0,4237.0,0
2,7763.0,7763.0,166723,1225.0,1516.0,4196.0,0
0,3567.0,3567.0,211884,1373.0,1690.0,4691.0,1
1,12000.0,0.0,192545,1369.0,1666.0,4354.0,0
2,7646.0,7646.0,172899,1186.0,1416.0,4035.0,0
0,3611.0,3611.0,208287,1558.0,1704.0,4744.0,1
1,12000.0,0.0,233134,1758.0,2205.0,5758.0,0
0,6242.0,6242.0,204537,1599.0,2023.0,5114.0,1
1,12000.0,1128.0,175323,1317.0,1510.0,4092.0,0
2,7908.0,7908.0,162343,1278.0,1530.0,4037.0,0
0,3871.0,3871.0,206291,1271.0,1623.0,4434.0,1
1,12000.0,0.0,133957,1078.0,1416.0,3700.0,0
2,8300.0,8300.0,197951,1420.0,2002.0,5073.0,0
0,3227.0,3227.0,300502,1884.0,2503.050000000001,6526.4000000000015,1
1,12000.0,0.0,234741,1582.0,2134.0,5231.0,0
2,6769.0,6769.0,152170,1228.0,1519.0,4028.0,0
0,2741.0,2741.0,175902,1425.0,1878.0,4657.0,1
1,12000.0,0.0,170206,1362.0,1645.0,4485.0,0
2,7515.0,7515.0,155965,1167.0,1506.0,3753.0,0
0,3762.0,3762.0,178232,1563.0,1824.0,4791.0,1
1,12000.0,0.0,219163,1918.0,2216.0,5827.0,0
0,6173.0,6173.0,239588,1562.0,1872.0,5114.0,1
1,12000.0,1059.0,154050,1106.0,1475.0,3866.0,0
2,8134.0,8134.0,214562,1347.0,1573.0,4447.0,0
0,3687.0,3687.0,178228,1092.0,1416.0,3821.0,1
1,12000.0,0.0,231954,1615.0,2076.0,5113.0,0
2,6887.0,6887.0,186693,1345.0,1574.0,4404.0,0
0,2483.0,2483.0,223716,1727.0,2072.0,5520.0,1
1,12000.0,0.0,195346,1436.0,2020.0,5092.0,0
2,6908.0,6908.0,169281,1298.0,1675.0,4176.0,0
0,2732.0,2732.0,190908,1295.0,1641.0,4568.0,1
1,12000.0,0.0,235056,1664.0,1932.0,5195.0,0
0,6805.0,6805.0,259702,1531.0,2103.0,5443.0,1
1,12000.0,1362.0,228706,1673.0,2024.0,5645.0,0
0,6355.0,6355.0,230195,1735.0,2485.0,6103.0,1
1,12000.0,252.0,223606,1746.0,2208.0,5917.0,0
0,6083.0,6083.0,222527,1537.0,1829.0,4762.0,1
1,12000.0,1321.0,205195,1647.0,1875.0,5189.0,0
0,6811.0,6811.0,198286,1459.0,1859.0,4831.0,1
1,12000.0,1980.0,231659,1439.0,2027.0,4991.0,0
0,7009.0,7009.0,216725,1473.0,2094.0,5322.0,1
1,12000.0,1687.0,219864,1808.0,2222.0,5797.0,0
0,6203.0,6203.0,263420,1909.0,2282.0,6054.0,1
1,12000.0,149.0,211803,1643.0,1999.0,5111.0,0
2,6889.0,6889.0,190084,1452.0,1755.0,4772.0,0
0,2117.0,2117.0,195397,1265.0,1635.0,4554.0,1
1,12000.0,0.0,199592,1451.0,1791.0,4694.0,0
0,7306.0,7306.0,238146,1590.0,2218.0,5798.0,1
1,12000.0,1508.0,244131,1761.0,2128.0,5789.0,0
0,6211.0,6211.0,239729,1996.5500000000004,2503.050000000001,6526.4000000000015,1
1,12000.0,0.0,196479,1513.0,1758.0,4786.0,0
2,7214.0,7214.0,185349,1515.0,1940.0,4760.0,0
0,2454.0,2454.0,224989,1652.0,2178.0,5317.0,1
1,12000.0,0.0,233584,1559.0,1837.0,5250.0,0
0,6750.0,6750.0,227014,1748.0,2152.0,5323.0,1
1,12000.0,1427.0,255335,1715.0,2244.0,5972.0,0
0,6028.0,6028.0,240386,1679.0,2071.0,5148.0,1
1,12000.0,880.0,208438,1390.0,1830.0,4841.0,0
2,7159.0,7159.0,197828,1569.0,1987.0,4993.0,0
0,2166.0,2166.0,190795,1230.0,1676.0,4429.0,1
1,12000.0,0.0,239274,1675.0,1957.0,5394.0,0
0,6606.0,6606.0,226975,1629.0,1973.0,5306.0,1
1,12000.0,1300.0,276372,1627.0,2033.0,5739.0,0
0,12000.0,6261.0,211305,1562.0,2052.0,5073.0,1
1,12000.0,1188.0,175013,1329.0,1805.0,4430.0,0
2,7570.0,7570.0,200831,1406.0,1948.0,4920.0,0
0,2650.0,2650.0,228452,1413.0,1807.0,4748.0,1
1,12000.0,0.0,176833,1402.0,1753.0,4750.0,0
0,7250.0,7250.0,243849,1706.0,2192.0,5784.0,1
1,12000.0,1466.0,245339,1784.0,2342.0,6055.0,0
0,5945.0,5945.0,254791,1934.0,2503.050000000001,6526.4000000000015,1
1,12000.0,0.0,208995,1286.0,1693.0,4457.0,0
2,7543.0,7543.0,201439,1553.0,1730.0,4928.0,0
0,2615.0,2615.0,195092,1562.0,1871.0,4772.0,1
1,12000.0,0.0,193554,1417.0,1901.0,5027.0,0
0,6973.0,6973.0,234393,1610.0,2342.0,5912.0,1
1,12000.0,1061.0,220534,1915.0,2062.0,5862.0,0
0,6138.0,6138.0,176715,1513.0,1826.0,4926.0,1
1,12000.0,1212.0,180294,1313.0,1824.0,4579.0,0
2,7421.0,7421.0,228483,1539.0,1848.0,4827.0,0
0,2594.0,2594.0,190800,1397.0,1681.0,4581.0,1
1,12000.0,0.0,199613,1482.0,2003.0,5047.0,0
0,6953.0,6953.0,226984,1790.0,2097.0,5495.0,1
1,12000.0,1458.0,256554,1712.0,2311.0,5686.0,0
0,6314.0,6314.0,224974,1793.0,2194.0,5836.0,1
1,12000.0,478.0,192391,1486.0,1741.0,4704.0,0
2,7296.0,7296.0,183776,1514.0,1972.0,4865.0,0
0,2431.0,2431.0,222097,1370.0,1702.0,4857.0,1
1,12000.0,0.0,201236,1501.0,2065.0,5098.0,0
0,6902.0,6902.0,264585,1634.0,2383.0,5892.0,1
1,12000.0,1010.0,253533,1996.5500000000004,2453.0,6496.0,0
0,5504.0,5504.0,244764,1644.0,2405.0,5915.0,1
1,12000.0,0.0,206779,1605.0,2405.0,4900.0,0
2,7100.0,7100.0,178363,1191.0,1592.0,4045.0,0
0,3055.0,3055.0,158963,1170.0,1612.0,3998.0,1
1,12000.0,0.0,192848,1239.0,1532.0,4209.0,0
2,7791.0,7791.0,240086,1729.0,2183.0,5759.0,0
0,2032.0,2032.0,211987,1535.0,2054.0,5520.0,1
1,12000.0,0.0,221058,1636.0,2061.0,5722.0,0
2,6278.0,6278.0,150723,1147.0,1640.0,4032.0,0
0,2246.0,2246.0,176514,1190.0,1642.0,4363.0,1
1,12000.0,0.0,176279,1462.0,1800.0,4510.0,0
2,7490.0,7490.0,198388,1327.0,1879.0,4642.0,0
0,2848.0,2848.0,178134,1304.0,1693.0,4636.0,1
1,12000.0,0.0,170393,1396.0,1846.0,4528.0,0
2,7472.0,7472.0,203848,1394.0,1961.0,5104.0,0
0,2368.0,2368.0,170106,1138.0,1545.0,4071.0,1
1,12000.0,0.0,185331,1445.0,1638.0,4471.0,0
2,7529.0,7529.0,175787,1180.0,1602.0,4310.0,0
0,3219.0,3219.0,169220,1462.0,1775.0,4685.0,1
1,12000.0,0.0,179372,1447.0,1895.0,4973.0,0
0,7027.0,7027.0,211884,1599.0,2092.0,5343.0,1
1,12000.0,1684.0,241474,1423.0,1944.0,5081.0,0
2,6919.0,6919.0,167859,1336.0,1592.0,4164.0,0
0,2755.0,2755.0,185589,1327.0,1849.0,4788.0,1
1,12000.0,0.0,198157,1456.0,1962.0,4796.0,0
2,7204.0,7204.0,159833,1278.0,1704.0,4460.0,0
0,2744.0,2744.0,184092,1416.0,1849.0,4813.0,1
1,12000.0,0.0,194510,1448.0,1934.0,4842.0,0
2,7158.0,7158.0,173468,1272.0,1611.0,4316.0,0
0,2842.0,2842.0,170490,1109.0,1482.0,4087.0,1
1,12000.0,0.0,158470,1163.0,1349.0,3768.0,0
2,8232.0,8232.0,159626,1119.0,1341.0,3473.0,0
0,4759.0,4759.0,198380,1460.0,2024.0,5001.0,1
1,12000.0,0.0,196987,1492.0,1828.0,4814.0,0
0,7186.0,7186.0,267455,1858.0,2237.0,5980.0,1
1,12000.0,1206.0,229138,1517.0,1961.0,5531.0,0
2,6469.0,6469.0,140976,1166.0,1368.0,3570.0,0
0,2899.0,2899.0,180040,1527.0,1754.0,4815.0,1
1,12000.0,0.0,179470,1344.0,1709.0,4438.0,0
2,7562.0,7562.0,178868,1376.0,1735.0,4677.0,0
0,2885.0,2885.0,233442,1459.0,2031.0,5120.0,1
1,12000.0,0.0,235151,1551.0,1956.0,5142.0,0
0,6858.0,6858.0,241176,1660.0,2461.0,6075.0,1
1,12000.0,783.0,174483,1475.0,1865.0,4755.0,0
2,7245.0,7245.0,194088,1267.0,1761.0,4619.0,0
0,2626.0,2626.0,158346,1144.0,1599.0,3956.0,1
1,12000.0,0.0,184193,1376.0,1893.0,4686.0,0
2,7314.0,7314.0,223666,1466.0,1908.0,4876.0,0
0,2438.0,2438.0,231934,1967.0,2210.0,5981.0,1
1,12000.0,0.0,188201,1226.0,1602.0,4382.0,0
2,7618.0,7618.0,181926,1275.0,1418.0,4002.0,0
0,3616.0,3616.0,182325,1293.0,1686.0,4438.0,1
1,12000.0,0.0,175681,1253.0,1674.0,4156.0,0
2,7844.0,7844.0,205620,1244.0,1711.0,4517.0,0
0,3327.0,3327.0,234248,1551.0,1855.0,5077.0,1
1,12000.0,0.0,214405,1489.0,1728.0,4911.0,0
0,7089.0,7089.0,246957,1883.0,2039.0,5756.0,1
1,12000.0,1333.0,145469,1250.0,1585.0,4145.0,0
2,7855.0,7855.0,161215,1124.0,1595.0,4093.0,0
0,3762.0,3762.0,177674,1252.0,1747.0,4483.0,1
1,12000.0,0.0,164473,1194.0,1710.0,4238.0,0
2,7762.0,7762.0,183047,1346.0,1763.0,4486.0,0
0,3276.0,3276.0,181355,1463.0,1962.0,4859.0,1
1,12000.0,0.0,212207,1649.0,2095.0,5445.0,0
2,6555.0,6555.0,145977,1179.0,1501.0,4126.0,0
0,2429.0,2429.0,164554,1319.0,1635.0,4655.0,1
1,12000.0,0.0,176016,1354.0,1801.0,4454.0,0
2,7546.0,7546.0,170940,1252.0,1579.0,4441.0,0
0,3105.0,3105.0,206024,1600.0,1852.0,4968.0,1
1,12000.0,0.0,249066,1581.0,1925.0,5489.0,0
0,6511.0,6511.0,206715,1615.0,2052.0,5731.0,1
1,12000.0,780.0,166938,1285.0,1406.0,4014.0,0
2,7986.0,7986.0,152694,1094.0,1560.0,4013.0,0
0,3973.0,3973.0,182108,1154.0,1546.0,4136.0,1
1,12000.0,0.0,159969,1302.0,1472.0,4030.0,0
2,7970.0,7970.0,202318,1585.0,1863.0,4911.0,0
0,3059.0,3059.0,236769,1573.0,1905.0,5340.0,1
1,12000.0,0.0,190217,1513.0,1960.0,4948.0,0
2,7052.0,7052.0,180490,1347.0,1623.0,4367.0,0
0,2685.0,2685.0,179946,1330.0,1536.0,4344.0,1
1,12000.0,0.0,170324,1272.0,1774.0,4406.0,0
2,7594.0,7594.0,214729,1350.0,1873.0,4827.0,0
0,2767.0,2767.0,191136,1336.0,1711.0,4729.0,1
1,12000.0,0.0,212416,1639.0,2081.0,5722.0,0
0,6278.0,6278.0,225670,1674.0,2115.0,5381.0,1
1,12000.0,897.0,171045,1287.0,1574.0,4177.0,0
2,7823.0,7823.0,188875,1413.0,1675.0,4410.0,0
0,3413.0,3413.0,196124,1360.0,1856.0,4778.0,1
1,12000.0,0.0,180951,1298.0,1855.0,4540.0,0
2,7460.0,7460.0,187142,1508.0,1857.0,4744.0,0
0,2716.0,2716.0,219340,1520.0,2208.0,5427.0,1
1,12000.0,0.0,194612,1533.0,1874.0,4791.0,0
2,7209.0,7209.0,178039,1114.0,1462.0,4032.0,0
0,3177.0,3177.0,190641,1416.0,1916.0,4691.0,1
1,12000.0,0.0,223527,1369.0,1874.0,5021.0,0
2,6979.0,6979.0,173931,1225.0,1621.0,4160.0,0
0,2819.0,2819.0,186483,1602.0,1850.0,5182.0,1
1,12000.0,0.0,232244,1917.0,2297.0,6169.0,0
0,5831.0,5831.0,249282,1804.0,2399.0,6172.0,1
1,12000.0,0.0,203563,1579.0,2021.0,4973.0,0
2,7027.0,7027.0,189707,1434.0,1801.0,4800.0,0
0,2227.0,2227.0,182584,1485.0,1772.0,4817.0,1
1,12000.0,0.0,187932,1665.0,1788.0,5050.0,0
0,6950.0,6950.0,211504,1486.0,1840.0,5079.0,1
1,12000.0,1871.0,258201,1862.0,1840.0,6366.0,0
0,5634.0,5634.0,245508,1708.0,2237.0,5836.0,1
1,12000.0,0.0,176248,1396.0,1534.0,4313.0,0
0,3404.879982922507,3404.879982922507,156412,1250.3994644871514,1384.5913891006899,3833.6814394192584,1
0,3035.6075451379625,3035.6075451379625,236204,1584.6120819099322,1914.2560073195111,5366.758275705496,1
0,6377.058148810641,6377.058148810641,176617,1496.5940486110344,1773.6572027113957,4709.59768882174,1
0,5073.141380150913,5073.141380150913,175873,1452.1668817801099,1745.6333117095028,4560.4431886786415,1
0,7167.349408235079,7167.349408235079,234031,1673.1933658678477,2287.1529277373397,5698.573349238779,1
0,2499.9817463944046,2499.9817463944046,194524,1406.772113020091,1833.5956898843592,4567.211402116867,1
0,4499.019973532818,4499.019973532818,169725,1226.3378985819497,1736.9563439549243,4355.689112852445,1
0,2244.463022916592,2244.463022916592,195432,1495.7250935297968,1753.5126658028219,4799.11246173781,1
0,6246.90520329388,6246.90520329388,203577,1488.405453154252,1871.2667384555582,5033.375456603621,1
0,2795.177612573808,2795.177612573808,225846,1466.809646619645,1927.2807523465965,5199.475352662467,1
0,6813.014876021324,6813.014876021324,227351,1427.9485154690024,1898.8835629059458,4919.231466198844,1
0,2099.396380239754,2099.396380239754,220942,1505.0338927242658,2082.2846988838332,5551.7175606311175,1
0,3735.9226849298366,3735.9226849298366,264372,1688.1134348385915,2079.7261274231482,5685.610746664368,1
0,6231.989813311269,6231.989813311269,240983,1824.0713125798857,2203.1736516601795,5776.155823515208,1
0,2226.8011007934306,2226.8011007934306,166679,1206.4719240521404,1516.4595532785502,4079.173190830261,1
0,2657.6091500837233,2657.6091500837233,253714,1728.5618624593094,2260.165253664503,5854.877136400415,1
0,2883.2749954192336,2883.2749954192336,210027,1330.2534451815452,1821.408315323624,4649.309857503947,1
0,2166.482485076689,2166.482485076689,211636,1492.4984599050085,1756.4892193350604,4863.446358234089,1
0,6472.769674551592,6472.769674551592,225251,1640.1547778648053,1996.2224279783732,5228.377205843179,1
0,4000.8034545973114,4000.8034545973114,213393,1452.6660754139618,1892.1105620777778,4594.08813705737,1
0,2675.2807405152003,2675.2807405152003,165437,1206.158642527581,1577.2359717700713,4320.058192899328,1
0,2287.658679267214,2287.658679267214,214218,1517.111636133916,1739.18352272899,4792.832264611494,1
0,4022.359439613351,4022.359439613351,149022,1227.485959126814,1463.1263847092068,3981.7078352541116,1
0,6239.949970134051,6239.949970134051,263357,1915.3874127802844,2296.472745413556,6064.3492257705875,1
0,2808.9062613393335,2808.9062613393335,198319,1315.7586385984648,1651.0029097710437,4597.2624056511395,1
0,2503.407487780816,2503.407487780816,180407,1376.9476677789303,1750.9686397531098,4497.465014138242,1
0,3319.8716261478517,3319.8716261478517,224433,1620.1824124014738,1653.5641869260742,5133.68977718127,1
0,3015.8506188273614,3015.8506188273614,164654,1190.920316253123,1553.7176739877125,3886.7966295764895,1
0,2732.7944547429474,2732.7944547429474,175912,1421.1044381102881,1874.0878612511829,4652.1264034230835,1
0,6582.068892249049,6582.068892249049,219984,1540.3778196220205,1999.7716314030952,5189.028523812479,1
0,2697.8507373931557,2697.8507373931557,185715,1465.9783843304883,1850.576513319091,4674.922033903141,1
0,3077.29080251205,3077.29080251205,232988,1644.4198585001855,1934.9947954980844,5413.095023243419,1
0,6626.6914227836405,6626.6914227836405,262443,1956.1985982232943,2394.985715743142,6072.579063081098,1
0,2660.1620948170566,2660.1620948170566,158231,1121.590061162964,1482.4096880746683,3885.6392538234086,1
0,4309.976599963056,4309.976599963056,168996,1205.460591253003,1727.710591031552,4247.424876619294,1
0,6638.187255941313,6638.187255941313,178852,1387.0200798450385,1861.3544320375872,4770.799435468184,1
0,6241.056302743971,6241.056302743971,248524,1829.750753510949,2281.6547941273216,6036.401095436016,1
0,7308.643214863286,7308.643214863286,250644,1954.142586291254,2463.7199930520596,6329.5113083917595,1
0,2676.5764951787196,2676.5764951787196,213633,1499.7515981588842,1866.915644827686,4724.28366358843,1
0,3465.900687259009,3465.900687259009,175683,1287.5748430790427,1750.6712876336378,4558.011472745584,1
0,3269.3458242417446,3269.3458242417446,198046,1387.4112117252196,1788.6218838268858,4755.658696559164,1
0,6421.8726729003465,6421.8726729003465,184304,1345.8703115868384,1667.9688494514376,4589.590046530841,1
0,4003.248847967109,4003.248847967109,197758,1493.3536643436391,1889.8294782277223,4729.6169763624575,1
0,3295.409673812327,3295.409673812327,224569,1602.855843514987,1811.6509875571621,5031.943867276395,1
0,2632.3964540820657,2632.3964540820657,227470,1533.1183133223753,1808.5532540515824,4965.973318572069,1
0,6108.479513372549,6108.479513372549,222272,1555.9879176088425,1842.4700612096917,4862.132864655178,1
0,3229.7700789297223,3229.7700789297223,207606,1431.8142478553489,1797.3280501961344,4788.061621328583,1
0,6572.834130829484,6572.834130829484,213622,1580.1076632628187,2061.3000518914723,5237.071465636766,1
0,6267.335225623525,6267.335225623525,225191,1799.3274270340983,2178.1814324147545,5539.401857776643,1
0,6976.848871886546,6976.848871886546,218594,1559.753395419824,1950.793301182142,5122.017829147205,1
0,6951.192112340557,6951.192112340557,233061,1472.1564592864493,1855.2438124844844,5161.716231528769,1
0,6594.559012642434,6594.559012642434,235470,1845.520793373621,2098.147994768648,5735.2686382948505,1
0,2519.119291202939,2519.119291202939,190799,1367.7825271749787,1680.1252253645202,4554.406851081418,1
0,3386.1618947886145,3386.1618947886145,146667,1075.3002837105028,1394.4950047074306,3789.883019474838,1
0,4107.486048006244,4107.486048006244,288274,1921.8460769959354,2492.6914503800167,6354.670229741516,1
0,5051.068399129637,5051.068399129637,168131,1202.3060038319531,1618.514226518456,4191.254326322526,1
0,2769.5886934672744,2769.5886934672744,191132,1335.8763720920115,1710.5729217724033,4728.202038048438,1
0,3471.505545461966,3471.505545461966,175458,1261.1094195713836,1717.844129632194,4474.172388346345,1
0,3004.302311494672,3004.302311494672,233516,1625.8094898453942,2191.6917832469453,5674.862437886236,1
0,3165.9001720445044,3165.9001720445044,185009,1189.1624598003398,1676.0032767348894,4247.2301040156335,1
0,2930.8336761955584,2930.8336761955584,224255,1633.7013174592587,1867.5541913020277,5196.29413622821,1
0,3218.0221877172166,3218.0221877172166,244907,1770.918641943776,2160.5373885287495,5806.830702888828,1
0,3082.0671065972842,3082.0671065972842,185268,1209.3398845645745,1711.7298653253367,4356.579576736773,1
0,3605.96702575451,3605.96702575451,213657,1521.7996685342985,2003.1648712274493,5264.577066528541,1
0,2914.9713502157333,2914.9713502157333,233420,1615.707345413691,1970.2009752766555,5444.5469066217975,1
0,2806.2573823387133,2806.2573823387133,198329,1314.8872968219453,1643.6487851772179,4580.881180252571,1
0,3102.280465433664,3102.280465433664,195524,1377.7554019752192,1811.611495061952,4485.923637507644,1
0,3767.075315398262,3767.075315398262,181079,1257.8132707496366,1754.4774699480406,4562.315152832524,1
0,6733.7156535379,6733.7156535379,227133,1747.6138099653256,2163.0707809939972,5392.256746218261,1
0,2892.513077211012,2892.513077211012,233436,1498.2826608461482,2015.75918622909,5201.355893227816,1
0,6482.53702863302,6482.53702863302,183243,1555.3797650942845,1981.7456006602838,5045.770162783291,1
0,6720.142836415901,6720.142836415901,269719,1889.4485033922658,2340.989717883759,6140.177710611274,1
0,3845.7336675520096,3845.7336675520096,140676,1043.3070691640435,1321.7786904137542,3513.709306854988,1
0,3296.3546295643555,3296.3546295643555,181413,1452.8226852178223,1945.476830118347,4833.796179274725,1
0,3244.9457792669145,3244.9457792669145,176761,1207.9728896334573,1572.3121629424465,4197.600312331542,1
0,3679.6915206170984,3679.6915206170984,184072,1262.3795442969088,1658.1332828526845,4075.796748124331,1
0,3389.42001562446,3389.42001562446,182053,1283.2283564689794,1705.5432870620411,4405.631430803494,1
0,6273.21258682021,6273.21258682021,230422,1728.8273650430347,2346.1157134682812,6075.73752894007,1
0,3214.835230119489,3214.835230119489,157004,1213.1891028416503,1441.227804161061,3882.6275105773675,1
0,2322.4679164106387,2322.4679164106387,182394,1347.7648701597068,1803.8226388035462,4469.934345548823,1
0,2486.8880244377115,2486.8880244377115,145853,1175.777721224897,1326.9073656659955,3749.990656584668,1
0,4361.985738196825,4361.985738196825,154376,1060.7230145446208,1292.4646148130337,3620.850052450106,1
0,6475.036305799091,6475.036305799091,214276,1467.4856413654918,1713.614588701598,4754.088017497456,1
0,3512.31765936168,3512.31765936168,175843,1563.656774878887,1826.1436434182353,4933.355764906957,1
0,2657.5622936652467,2657.5622936652467,233458,1629.4198969472106,2125.396151097154,5314.494083133062,1
0,4478.085929036849,4478.085929036849,169383,1241.3297882516717,1766.7448380316243,4336.071288740457,1
0,2194.0205809064123,2194.0205809064123,195864,1359.601365678528,1706.4393793914548,4686.553535980239,1
0,6490.521142782938,6490.521142782938,241785,1639.6209118777858,2052.3168142991603,5415.17079642521,1
0,5102.833240101252,5102.833240101252,175897,1453.863114869516,1747.8742068000945,4570.636148986541,1
0,2735.371782112025,2735.371782112025,166062,1158.3605817079906,1538.909456851803,3922.7179495411597,1
0,3355.8094657102365,3355.8094657102365,190385,1344.0944141449938,1713.0098947986994,4579.641791817468,1
0,5949.257850916295,5949.257850916295,255333,1906.4491999533857,2487.75930597413,6473.953295183992,1
0,3362.1867351771525,3362.1867351771525,159164,1192.1469742317306,1578.779538652404,4022.197619993928,1
0,6910.050178622376,6910.050178622376,207691,1499.4380715123507,2154.8339287412514,5493.330143214903,1
0,2931.1440446517313,2931.1440446517313,189971,1338.1136591514057,1638.9469686118377,4469.967751215256,1
0,3009.1480861512982,3009.1480861512982,167848,1453.895462985758,1665.5905235998302,4492.935179259022,1
0,2037.4433239587706,2037.4433239587706,177528,1467.3160000975192,1704.5186481125793,4521.242253795828,1
0,4038.649975890797,4038.649975890797,196023,1390.0580759925515,1691.2715621160357,4583.940301555063,1
0,6852.390854119038,6852.390854119038,211416,1541.5067446489516,1988.7250783508944,5115.511255061592,1
0,7319.994749481289,7319.994749481289,251223,1764.1377260702022,2068.473291699112,5668.462790661689,1
0,6773.555915599889,6773.555915599889,263107,1977.6767349454647,2440.7609671957134,6143.831085785205,1
0,3187.492544419898,3187.492544419898,176422,1412.682964291865,1906.4831450750626,4894.87275211336,1
0,3703.090132510001,3703.090132510001,216429,1560.9403101114717,1979.4201446085904,4885.349162038448,1
0,6416.698135044617,6416.698135044617,235078,1624.2678698245154,1871.4844073232907,5192.601259762755,1
0,6716.144598569369,6716.144598569369,235199,1598.776221104469,2008.1385035765772,5211.898259776865,1
0,2503.6681878116015,2503.6681878116015,223737,1727.8720754350886,2085.647980559138,5533.1247352980845,1
0,2598.7083586710974,2598.7083586710974,190796,1396.48774801495,1680.5422429069768,4580.645783201827,1
0,6829.1576766934595,6829.1576766934595,244729,1670.6666153534475,2217.284216936688,5775.421084683441,1
0,6062.981569941444,6062.981569941444,249549,1638.2988786132544,2279.407016738262,5854.286110732371,1
0,2434.7770922068094,2434.7770922068094,183182,1348.8544543077644,1877.2718087125204,4934.922175072744,1
0,3676.593118786672,3676.593118786672,207783,1485.5952881085577,1683.5652206856905,4665.792819908198,1
0,6496.12717729706,6496.12717729706,225663,1473.14328462376,2188.2960777053595,5351.396737592246,1
0,5937.501598103905,5937.501598103905,249404,1727.9274299257818,2344.095449424695,6026.139115640303,1
0,2681.558747307634,2681.558747307634,158776,1137.3518425789907,1538.2062195278559,3938.0705055559556,1
0,3072.9296321190864,3072.9296321190864,176288,1415.8433204932667,1899.174821359321,4833.838372973789,1
0,6822.236844159102,6822.236844159102,219376,1470.3104723966676,2058.6293893210864,5079.737822257645,1
0,3640.648202315986,3640.648202315986,224818,1590.732963888141,1800.5822713761288,4913.877561345373,1
0,3404.4339649328986,3404.4339649328986,177026,1222.1449718293488,1628.968493278821,4289.289468381124,1
0,2706.9808829855333,2706.9808829855333,183753,1225.672754436105,1497.4002987971533,4023.310262814809,1
0,2968.1760915902996,2968.1760915902996,218165,1640.5180878903282,2027.1878981942368,5168.4017493599995,1
0,6418.212276830526,6418.212276830526,244702,1707.0294402514473,2215.1624056575656,5810.765446537632,1
0,2219.5048079119692,2219.5048079119692,214732,1634.9393136059732,1919.6151117068255,5439.889375468769,1
0,3903.0675581691776,3903.0675581691776,159931,1254.3912429443294,1637.172004571748,4232.243011263406,1
0,3662.2462948741895,3662.2462948741895,214302,1434.8574486485043,1726.2863445479895,4752.996830009072,1
0,3866.7908752877975,3866.7908752877975,138634,1034.4898821563243,1279.9841102986024,3374.2251347396696,1
0,2687.4412180500276,2687.4412180500276,210286,1361.7183354766019,1878.633745177646,4663.519897123112,1
0,2608.313974740452,2608.313974740452,233457,1710.032990285079,2134.037882124621,5442.042147668306,1
0,2596.508824890808,2596.508824890808,232421,1860.1216429678166,2127.785879206013,5822.491175109192,1
0,6903.924772488921,6903.924772488921,228242,1724.269930907958,2223.83156049483,5686.647275005075,1
0,4388.173062702772,4388.173062702772,203013,1290.7414916460448,1635.1701664444122,4470.641564068371,1
0,4088.7586128297044,4088.7586128297044,214920,1560.4980952707947,1940.1175328858994,4930.572343499294,1
0,6619.925115190795,6619.925115190795,225513,1455.0646954145684,2139.649733071494,5329.549911023832,1
0,2272.057590545912,2272.057590545912,158758,1098.2106416406027,1441.7034428223635,3835.5499214458387,1
0,3916.6371653296233,3916.6371653296233,255150,1746.3662133144203,2257.8956907650145,5731.91440229408,1
0,2765.756322309263,2765.756322309263,224878,1635.116837820787,1995.4871950626443,5236.0772571410125,1
0,3016.3782091236244,3016.3782091236244,294385,1934.3301115990153,2494.084040537004,6377.757360324189,1
0,6209.772776398239,6209.772776398239,213495,1424.7612286412577,1789.9585616802515,4776.934955581132,1
0,2701.5470579274393,2701.5470579274393,193211,1419.4284886619841,1788.2351788418182,4939.0064584333895,1
0,7033.365135391162,7033.365135391162,258298,1695.3544778661765,2199.3296500917986,5636.843104153917,1
0,3348.8353527532563,3348.8353527532563,190395,1346.8989506721782,1720.927126233848,4583.985100598506,1
0,2493.891747432311,2493.891747432311,193236,1351.506664596822,1800.2656523763978,4821.629998447616,1
0,3172.0746236249743,3172.0746236249743,177538,1170.4251587474669,1400.8043322453475,3963.706498368021,1
0,6877.462566234573,6877.462566234573,226995,1774.3715654278428,2117.465807177825,5430.997839371165,1
0,6575.413061868679,6575.413061868679,225581,1455.8343562789278,2159.2760851126577,5336.092028370886,1
0,6843.094399539046,6843.094399539046,224423,1584.5292336609832,1773.575535226969,4942.58503168596,1
0,3367.013094427625,3367.013094427625,189626,1283.2924419870556,1593.2793475594303,4227.729979300267,1
0,2606.5784811308968,2606.5784811308968,253777,1721.7047021511148,2243.550995943235,5831.925002335213,1
0,6161.734180291773,6161.734180291773,212831,1355.4312222965393,1660.027873316845,4575.213747700056,1
0,3669.7569062165744,3669.7569062165744,224836,1593.3634499560453,1815.183428317991,4922.5178972113035,1
0,3780.3795542080375,3780.3795542080375,274022,1908.108809493175,2495.448511363912,6388.627785193347,1
0,2659.351071264123,2659.351071264123,185439,1148.3310083373437,1588.42452414708,4186.59967280153,1
0,2476.2154250235058,2476.2154250235058,211075,1565.8617000940224,2054.967843188229,5101.408365894133,1
0,2622.4764897697014,2622.4764897697014,220244,1470.7770998787903,2041.9547502577857,5239.952979539403,1
0,6100.737860564775,6100.737860564775,176375,1478.3563377279586,1747.0617955119637,4590.394268876913,1
0,3727.2448104515174,3727.2448104515174,144110,1059.2542275636526,1408.6731359895896,3783.0,1
0,7062.037406819727,6137.676775195803,212828,1379.9514300509481,1708.037264151561,4641.788179936348,1
0,2535.1049167609167,2535.1049167609167,224904,1646.416184732467,2128.0248533555796,5289.639305189088,1
0,3371.80796056588,3371.80796056588,183762,1229.7477377553573,1592.4582741543666,3992.7215962617074,1
0,3531.4077311808546,3531.4077311808546,224618,1593.8058263278529,1560.631014138497,5033.485467711022,1
0,2393.813164248572,2393.813164248572,211058,1435.8538554446384,1673.8567957992543,4535.038809921081,1
0,3060.0928642669446,3060.0928642669446,181399,1354.5093497062755,1848.138525434309,4575.957560867362,1
0,2214.6250316303804,2214.6250316303804,214731,1648.6579299447799,1936.8324355682807,5489.930100167703,1
0,3025.2867619131152,3025.2867619131152,233071,1492.5655442614202,1997.4344557385798,5111.909843178017,1
0,6765.626277206137,6765.626277206137,260502,1655.095112529622,2200.2123638634675,5643.670214790789,1
0,5961.795471477283,5961.795471477283,195999,1391.7143177244584,1769.4710805371938,4482.992079010123,1
0,5089.688420611561,5089.688420611561,202930,1451.132556898058,1709.7778362215263,4815.923235089026,1
0,7477.502296993846,7477.502296993846,250811,1929.796850346313,2442.6637456779836,6272.420837232704,1
0,2472.8922382322667,2472.8922382322667,223401,1657.6063278638303,2000.079387421897,5391.126037461399,1
0,2626.552827411769,2626.552827411769,229203,1501.8524434922426,1904.9022294034894,4865.64721684621,1
0,2793.2897532188363,2793.2897532188363,209606,1406.1717050172224,1878.9014633676984,4742.550239083705,1
0,2317.830118554507,2317.830118554507,183039,1252.2188401659582,1647.1802628200398,4505.912463933617,1
0,2729.716406395892,2729.716406395892,285937,1984.1316657491705,2444.902063816268,6165.061497951033,1
0,5945.517873259059,5945.517873259059,254856,1930.6490553825574,2501.1902257373204,6520.021019973707,1
0,3648.1654426051364,3648.1654426051364,214446,1322.338229579454,1812.8960449955362,4682.141148216824,1
0,6255.944552885661,6255.944552885661,225266,1795.7844253704798,2171.577016510695,5457.71459865857,1
0,3256.4281372007254,3256.4281372007254,195551,1358.463671321981,1807.5952836057793,4560.669852404542,1
0,3546.0543964771596,3546.0543964771596,138396,1037.9653548369347,1350.4617313004137,3517.7125068391656,1
0,3102.4679142805867,3102.4679142805867,185248,1202.0008359761487,1703.1676419721734,4329.669731912545,1
0,3124.4255811903085,3124.4255811903085,169538,1373.4462338466285,1701.4978654874283,4534.985404646696,1
0,2881.263072632582,2881.263072632582,170576,1171.6734492726657,1525.871414490866,4169.212818751791,1
0,5824.368416737389,5824.368416737389,249213,1789.7663578753732,2362.121927222558,6108.110356372414,1
0,2719.3823016226193,2719.3823016226193,190557,1261.266956670628,1642.1631564797315,4466.26335931979,1
0,3444.2414822370006,3444.2414822370006,175817,1305.725014885195,1775.2345201446306,4618.996050014255,1
0,6053.023246068631,6053.023246068631,240431,1677.312385730255,2062.5037350557673,5165.399885057024,1
0,3017.330289587562,3017.330289587562,233455,1643.0143404202258,2361.0102650583694,5828.159307486378,1
0,2446.4049947291714,2446.4049947291714,158434,1123.209445202638,1531.762461080872,3915.3035948647384,1
0,6305.367655070333,6305.367655070333,225140,1764.465304260269,2175.056798626565,5726.896751583382,1
0,6283.244254904397,6283.244254904397,301947,1982.0418830179367,2396.0817418940965,6526.4000000000015,1
0,6745.280401735616,6745.280401735616,225172,1515.0030989875577,2061.2355076008084,5325.355755519813,1
0,4215.0266053907935,4215.0266053907935,175277,1402.692279946794,1683.8308080744882,4272.896194077149,1
0,2300.9708678290717,2300.9708678290717,195380,1505.8321877417852,1771.4297873604373,4794.97774137836,1
0,6678.087578949685,6678.087578949685,265370,1884.351509128755,2260.2513315841957,6018.235523049566,1
0,2872.027612612703,2872.027612612703,143559,1158.5997792995013,1381.4917362564681,3722.513781256003,1
0,3782.8862909775294,3782.8862909775294,196112,1357.3859626079327,1742.2893734450704,4615.058335894469,1
0,3524.213367631018,3524.213367631018,182063,1338.893316184491,1760.509148628938,4551.6534477274745,1
0,6283.629676614989,6283.629676614989,225244,1784.299355307923,2167.4151743785524,5453.079122803187,1
0,4604.076035929362,4604.076035929362,168943,1343.1885584136376,1699.0564839926494,4296.1696747284595,1
0,6096.217972486271,6096.217972486271,240511,1674.3992530183677,2047.8376186441963,5195.4352878451045,1
0,6635.200009416771,6635.200009416771,227028,1600.6411431178685,1962.5456756409092,5251.445249896238,1
0,2917.0253230234252,2917.0253230234252,291500,1958.0714435110692,2489.8546873176642,6307.640801216532,1
